fecha,prediccion,inferior95,superior95,serie
2026-01-01,2540.540285799946,1533.6996954942829,3547.3808761056093,Viajes MBTB
2026-01-02,2400.3935258765796,1382.7646097888005,3418.0224419643587,Viajes MBTB
2026-01-03,1868.9518361489172,840.6502166991177,2897.2534555987168,Viajes MBTB
2026-01-04,1810.1972952322876,771.3353761224046,2849.059214342171,Viajes MBTB
2026-01-05,2293.376232406413,1244.0563299846224,3342.696134828203,Viajes MBTB
2026-01-06,2482.3135516871066,1422.6387267127243,3541.988376661489,Viajes MBTB
2026-01-07,2465.356681170999,1395.4265820662517,3535.286780275746,Viajes MBTB
2026-01-08,2535.8274423479247,1454.84491617849,3616.8099685173593,Viajes MBTB
2026-01-09,2395.680682424558,1304.515064496459,3486.8463003526576,Viajes MBTB
2026-01-10,1864.2389926968958,762.9860600487343,2965.491925345057,Viajes MBTB
2026-01-11,1805.4844517802662,694.2354524760951,2916.7334510844375,Viajes MBTB
2026-01-12,2288.6633889543914,1167.50816782405,3409.818610084733,Viajes MBTB
2026-01-13,2477.600708235085,1346.62588078196,3608.5755356882105,Viajes MBTB
2026-01-14,2460.6438377189775,1319.9333955064046,3601.35427993155,Viajes MBTB
2026-01-15,2531.1145988959033,1379.9057200823531,3682.3234777094535,Viajes MBTB
2026-01-16,2390.967838972537,1230.0717986962927,3551.863879248781,Viajes MBTB
2026-01-17,1859.5261492448744,689.0240172644035,3030.0282812253454,Viajes MBTB
2026-01-18,1800.7716083282448,620.7385534330617,2980.804663223428,Viajes MBTB
2026-01-19,2283.95054550237,1094.4677901244759,3473.433300880264,Viajes MBTB
2026-01-20,2472.887864783064,1274.0297365142078,3671.74599305192,Viajes MBTB
2026-01-21,2455.930994266956,1247.7697313462393,3664.0922571876727,Viajes MBTB
2026-01-22,2526.401755443882,1308.204737637302,3744.598773250462,Viajes MBTB
2026-01-23,2386.2549955205154,1158.785948994601,3613.7240420464295,Viajes MBTB
2026-01-24,1854.813305792853,618.1420091030941,3091.484602482612,Viajes MBTB
2026-01-25,1796.0587648762234,550.2477354146231,3041.869794337824,Viajes MBTB
2026-01-26,2279.2377020503486,1024.3620661332056,3534.1133379674916,Viajes MBTB
2026-01-27,2468.1750213310424,1204.2996293659899,3732.050413296095,Viajes MBTB
2026-01-28,2451.2181508149347,1178.4061429764956,3724.0301586533737,Viajes MBTB
2026-01-29,2521.6889119918606,1239.2344238855474,3804.1434000981735,Viajes MBTB
2026-01-30,2381.542152068494,1090.1691018315664,3672.9152023054216,Viajes MBTB
2026-01-01,31.01016013438402,24.57214749701655,37.44817277175149,Temperatura
2026-01-02,30.48457963444816,22.38636721713005,38.582792051766276,Temperatura
2026-01-03,27.867229144049702,18.943526543884182,36.79093174421522,Temperatura
2026-01-04,27.862985868073206,18.49207941358015,37.23389232256626,Temperatura
2026-01-05,27.12504928528402,17.503328716599164,36.74676985396888,Temperatura
2026-01-06,27.932969202692423,18.168179577071008,37.69775882831384,Temperatura
2026-01-07,29.421141058370107,19.574007140459997,39.26827497628021,Temperatura
2026-01-08,29.95765775916169,20.0628946561451,39.85242086217828,Temperatura
2026-01-09,29.663433573082997,19.74104376359591,39.58582338257009,Temperatura
2026-01-10,30.171535613609088,20.23309557177978,40.10997565543839,Temperatura
2026-01-11,29.156673727381747,19.208900391262354,39.10444706350115,Temperatura
2026-01-12,28.634811251972927,18.68160765116445,38.5880148527814,Temperatura
2026-01-13,29.07286800379344,19.116504004041495,39.02923200354539,Temperatura
2026-01-14,29.728493642404366,19.770289967283265,39.68669731752547,Temperatura
2026-01-15,31.459894735687456,21.500620068969166,41.41916940240575,Temperatura
2026-01-16,33.175702801566906,23.215804604700132,43.13560099843369,Temperatura
2026-01-17,31.54487361697301,21.584612388624514,41.50513484532151,Temperatura
2026-01-18,28.10661038533928,18.146137788568353,38.06708298211021,Temperatura
2026-01-19,24.09030510940271,14.129709445761684,34.050900773043736,Temperatura
2026-01-20,24.525493855598075,14.564826537163182,34.48616117403297,Temperatura
2026-01-21,26.64182261846183,16.68111357937176,36.6025316575519,Temperatura
2026-01-22,29.589021273395073,19.628287942598725,39.54975460419142,Temperatura
2026-01-23,29.65688370126562,19.696136226688246,39.617631175843,Temperatura
2026-01-24,28.975252622444653,19.014496912681963,38.936008332207344,Temperatura
2026-01-25,27.994008024387092,18.033247519703657,37.95476852907053,Temperatura
2026-01-26,27.98305833127296,18.022295034755423,37.943821627790506,Temperatura
2026-01-27,28.672333665983995,18.711568743925735,38.63309858804225,Temperatura
2026-01-28,25.761780708641016,15.801014840114316,35.72254657716771,Temperatura
2026-01-29,26.561358773400276,16.600592353793836,36.522125193006715,Temperatura
2026-01-30,27.941036814844818,17.980270074373074,37.90180355531657,Temperatura
2026-01-01,50.93496743928288,35.30894509371762,66.56098978484815,Humedad
2026-01-02,53.82906866769399,33.564558321792205,74.09357901359577,Humedad
2026-01-03,56.218769018806064,33.324324478782586,79.11321355882954,Humedad
2026-01-04,58.19197842559672,33.665586871704335,82.71836997948911,Humedad
2026-01-05,59.821285364115276,34.24184988862113,85.40072083960942,Humedad
2026-01-06,61.166627166545844,34.89340942169299,87.4398449113987,Humedad
2026-01-07,62.27749493650258,35.54157358087184,89.01341629213331,Humedad
2026-01-08,63.194754178800096,36.147897637891134,90.24161071970906,Humedad
2026-01-09,63.9521481192265,36.69532830893773,91.20896792951527,Humedad
2026-01-10,64.57753901695982,37.17848790015079,91.97659013376884,Humedad
2026-01-11,65.09393313380144,37.598329983725826,92.58953628387707,Humedad
2026-01-12,65.52032706578085,37.9590882882725,93.0815658432892,Humedad
2026-01-13,65.87240657114171,38.26650663992008,93.47830650236334,Humedad
2026-01-14,66.16312360250213,38.52681490342154,93.79943230158271,Humedad
2026-01-15,66.40317277047738,38.746150424789775,94.06019511616499,Humedad
2026-01-16,66.60138476643772,38.9302486661869,94.27252086668854,Humedad
2026-01-17,66.76505121724846,39.08429643040553,94.44580600409138,Humedad
2026-01-18,66.90019292242731,39.21288199370164,94.58750385115297,Humedad
2026-01-19,67.01178134136215,39.320001299672555,94.70356138305175,Humedad
2026-01-20,67.10392147844196,39.40909479172954,94.7987481651544,Humedad
2026-01-21,67.18000289389819,39.48309918496995,94.87690660282644,Humedad
2026-01-22,67.24282439559413,39.544504654185246,94.94114413700301,Humedad
2026-01-23,67.2946969988004,39.59541184247482,94.99398215512599,Humedad
2026-01-24,67.33752894153905,39.637585580881705,95.03747230219639,Humedad
2026-01-25,67.37289588295648,39.67250376500783,95.07328800090514,Humedad
2026-01-26,67.40209886711382,39.70140078887705,95.10279694535059,Humedad
2026-01-27,67.42621218450896,39.72530550330233,95.12711886571557,Humedad
2026-01-28,67.44612289201287,39.74507398539552,95.14717179863021,Humedad
2026-01-29,67.46256344504049,39.761417569006895,95.16370932107408,Humedad
2026-01-30,67.47613864239602,39.77492665243415,95.1773506323579,Humedad
2026-01-01,2.3396473170453223,-15.16590509771455,19.845199731805195,Precipitación
2026-01-02,2.818552198925351,-15.050110182237683,20.687214580088384,Precipitación
2026-01-03,2.931759279369179,-14.956975891146346,20.820494449884702,Precipitación
2026-01-04,2.958520006911367,-14.931336146651415,20.84837616047415,Precipitación
2026-01-05,2.964845905748963,-14.92507288515722,20.854764696655145,Precipitación
2026-01-06,2.96634126853536,-14.923581022476679,20.856263559547397,Precipitación
2026-01-07,2.9666947534582695,-14.923227733136173,20.856617240052714,Precipitación
2026-01-08,2.966778312840555,-14.923144184682839,20.856700810363947,Precipitación
2026-01-09,2.9667980652257784,-14.923124432908317,20.856720563359872,Precipitación
2026-01-10,2.9668027344407886,-14.92311976372743,20.85672523260901,Precipitación
2026-01-11,2.9668038381843904,-14.92311865998574,20.85672633635452,Precipitación
2026-01-12,2.966804099095472,-14.92311839907476,20.856726597265705,Precipitación
2026-01-13,2.9668041607715647,-14.923118337398675,20.856726658941803,Precipitación
2026-01-14,2.966804175351016,-14.923118322819224,20.856726673521255,Precipitación
2026-01-15,2.9668041787974144,-14.923118319372826,20.856726676967654,Precipitación
2026-01-16,2.9668041796120996,-14.92311831855814,20.85672667778234,Precipitación
2026-01-17,2.966804179804681,-14.923118318365558,20.85672667797492,Precipitación
2026-01-18,2.9668041798502047,-14.923118318320036,20.856726678020443,Precipitación
2026-01-19,2.966804179860966,-14.923118318309275,20.856726678031205,Precipitación
2026-01-20,2.9668041798635096,-14.92311831830673,20.85672667803375,Precipitación
2026-01-21,2.966804179864111,-14.923118318306129,20.85672667803435,Precipitación
2026-01-22,2.966804179864253,-14.923118318305987,20.85672667803449,Precipitación
2026-01-23,2.966804179864287,-14.923118318305953,20.856726678034526,Precipitación
2026-01-24,2.966804179864295,-14.923118318305946,20.856726678034534,Precipitación
2026-01-25,2.9668041798642966,-14.923118318305942,20.856726678034537,Precipitación
2026-01-26,2.966804179864297,-14.923118318305942,20.856726678034537,Precipitación
2026-01-27,2.9668041798642975,-14.923118318305942,20.856726678034537,Precipitación
2026-01-28,2.9668041798642975,-14.923118318305942,20.856726678034537,Precipitación
2026-01-29,2.9668041798642975,-14.923118318305942,20.856726678034537,Precipitación
2026-01-30,2.9668041798642975,-14.923118318305942,20.856726678034537,Precipitación
