,Temperatura,Humedad,Precipitación,Viajes MBTB
const,0.0016103728798716533,-0.0005063948792194666,-0.0004301460294465789,0.001050787153478986
L1.Temperatura,0.9325005266637106,0.08413128748744936,0.26635620717057373,-0.2008824116246054
L1.Humedad,0.1924044308646518,0.6759163834092463,-0.05359633902986428,0.018761073709010617
L1.Precipitación,-0.08769783896867235,0.02795239465344548,0.2004824609483555,0.06525845586008447
L1.Viajes MBTB,0.1110027667915971,0.02918254537289859,-0.12783817613387005,-0.3827746562316613
L2.Temperatura,-0.23857418249831602,-0.10965894240344895,-0.1463881926411024,0.03636422147715217
L2.Humedad,-0.25548719592537195,0.0005837327935355879,0.14988567674667314,0.02479322597897017
L2.Precipitación,0.045154655425708956,0.03153976635084378,0.063176101583613,0.08789724684704972
L2.Viajes MBTB,0.03783414908480642,0.08052404235220037,0.01912656749339836,-0.22666695661185077
