rezago,aic,bic,hqic,fpe
0,-0.3540808448642061,-0.32833271777516726,-0.34413355952697794,0.7018182319137553
1,-2.262395343357942,-2.133654707912748,-2.212658916671801,0.10410092600565211
2,-2.4944561980788813,-2.262723054277532,-2.404930630043828,0.08254177558978101
3,-2.54716815047548,-2.2124424983179756,-2.417853441091514,0.07830438235807728
4,-2.572400696299172,-2.1346825357855126,-2.403296845566294,0.07635483492620228
5,-2.5787165664447076,-2.0380058975748927,-2.3698235743629166,0.07587657764148996
6,-2.592365402203757,-1.948662224977787,-2.343683268773053,0.07485155410961794
7,-2.5931001099930246,-1.8464044244108992,-2.3046288352134083,0.07480149235596877
8,-2.5763605125943454,-1.7266723186560649,-2.2481000964658167,0.07607076341898888
9,-2.551161425829079,-1.5984807235346437,-2.183111868351638,0.07802064492193522
10,-2.52044145239182,-1.464768241741229,-2.112602753565466,0.08046566287634464
11,-2.4879021433163837,-1.3292364243096377,-2.0402743031411172,0.08314088720596251
12,-2.4661433735074283,-1.204485146144527,-1.9787263919832492,0.08498669472828922
13,-2.4646868471708756,-1.100036111451819,-1.9374807242977838,0.08513056279759154
14,-2.431141414278139,-0.9634981702029273,-1.8641461500561347,0.08805881262673707
15,-2.423561302604811,-0.8529255501734436,-1.8167768970338938,0.08875678529082122
16,-2.395949672184196,-0.7223214113966736,-1.7493761252643665,0.0912744438371394
17,-2.384109967567426,-0.6074891984237487,-1.6977472792986843,0.09239911019653683
18,-2.3551520591752872,-0.4755387816754548,-1.6290002295576327,0.09515742097396471
19,-2.364596678580227,-0.38199089272423903,-1.5986557076136596,0.09431109663183417
20,-2.3614348883344953,-0.2758365941223522,-1.5557047760190155,0.09466346968476269
21,-2.3415520549264937,-0.15296125235819513,-1.4960328012621011,0.09662507425533971
