fecha,Temperatura,Humedad,Precipitación,Viajes MBTB
2026-01-01,29.85732749353231,49.5150644503106,5.664619614029493,1852.8592416953566
2026-01-02,28.533053000848852,50.68039394162072,4.596303175798777,1782.6358934588275
2026-01-03,27.535239285046778,53.34772896626014,4.806498583742036,1136.1585072341159
2026-01-04,26.81596235216976,54.691784938065624,4.237608127558192,1058.8558152345936
2026-01-05,26.6738446526125,56.13775177083644,4.1882759788524,1542.5212969212898
2026-01-06,26.829177240283084,56.83262607905898,3.6153341533908807,1707.3151309652865
2026-01-07,26.705572856928285,57.75603885001341,4.885605446179435,1676.6564254751688
2026-01-08,26.73691887843056,57.29109425786505,3.447864569267473,1741.6645895638271
2026-01-09,26.84700122012656,58.368213818353055,5.0404937054822,1594.3324226921804
2026-01-10,26.557121241407888,59.015332465978084,5.283595414496305,1058.4268494260232
2026-01-11,26.206897544014247,58.967701906979784,4.62593067652806,993.3662454406029
2026-01-12,26.273214376595845,59.557824535359984,4.644175223641673,1474.073422813301
2026-01-13,26.55265186621864,59.47662887284628,3.9934592617802473,1660.3635753939934
2026-01-14,26.522972004679467,59.83933022810243,5.172121248319431,1641.149436249028
2026-01-15,26.630754606229615,59.018893879015785,3.706637267334182,1711.085089370646
2026-01-16,26.798697121570562,59.84004392760636,5.280595361482793,1570.073513624428
2026-01-17,26.550341920069254,60.30799984590214,5.508176871386153,1038.9744122237857
2026-01-18,26.22759944618881,60.14440669935972,4.844879406591488,977.0333205344309
2026-01-19,26.309439540298044,60.65881752786861,4.860099335550359,1460.4698573334235
2026-01-20,26.59515455914638,60.53078856866257,4.206405393791194,1649.053884021636
2026-01-21,26.564937721846118,60.86928414393896,5.383130915969633,1631.6704791197465
2026-01-22,26.66716852843114,60.04099090477028,3.916303452056403,1703.1847758973108
2026-01-23,26.825900851281535,60.866203603114535,5.489138496990511,1563.5648160014273
2026-01-24,26.565662121481076,61.347174295559306,5.715895813089174,1033.6927532098239
2026-01-25,26.22904724984543,61.20313446090496,5.051993378927559,972.861129192113
2026-01-26,26.295515232922284,61.741808537077176,5.066700056085033,1457.319106936423
2026-01-27,26.564716589014175,61.641438333235804,4.412523896894411,1646.852580509184
2026-01-28,26.517107983462527,62.0099953240144,5.588744440564558,1630.3614388729002
2026-01-29,26.601265902425276,61.213419686375126,4.121339177846234,1702.7215939969221
2026-01-30,26.741393370690595,62.07145541140806,5.693491190308938,1563.9078408862456
