origen,destino,F,F_p,Wald_p,F_p_Holm,F_p_rechaza,Wald_p_Holm,Wald_p_rechaza
Humedad,Temperatura,25.155069716927272,1.4782421166968227e-11,1.1893016736509389e-11,1.9217147517058695e-10,True,1.5460921757462206e-10,True
Precipitación,Temperatura,5.344443868494585,0.004822142837242145,0.004774605775823925,0.035638551747946945,True,0.035276757254136426,True
Viajes MBTB,Temperatura,7.920955080065271,0.00037103308954188226,0.00036305541386837673,0.0033392978058769405,True,0.0032674987248153906,True
Temperatura,Humedad,3.2608073414316117,0.03849927691616953,0.03835741798075566,0.11549783074850858,False,0.11507225394226699,False
Precipitación,Humedad,1.0035750736299645,0.36669492606575255,0.36656659324461455,0.7333898521315051,False,0.7331331864892291,False
Viajes MBTB,Humedad,3.6405688444122117,0.026358401467043904,0.026237414713129147,0.10543360586817561,False,0.10494965885251659,False
Temperatura,Precipitación,13.14497246628929,2.0756088380038296e-06,1.955289162437395e-06,2.0756088380038296e-05,True,1.955289162437395e-05,True
Humedad,Precipitación,4.441845187111809,0.011855077016837537,0.01177419287458514,0.07016535496760053,False,0.06968368971114366,False
Viajes MBTB,Precipitación,5.423972508313079,0.004454818968493368,0.004409594656767053,0.035638551747946945,True,0.035276757254136426,True
Temperatura,Viajes MBTB,13.864937828501784,1.0171328962989519e-06,9.517743776581812e-07,1.118846185928847e-05,True,1.0469518154239993e-05,True
Humedad,Viajes MBTB,0.5526008374686244,0.5755122951556059,0.5754512073523435,0.7333898521315051,False,0.7331331864892291,False
Precipitación,Viajes MBTB,4.455548464841348,0.01169422582793342,0.01161394828519061,0.07016535496760053,False,0.06968368971114366,False
Clima conjunto,Viajes MBTB,8.379587616262626,4.974031266274575e-09,4.135702153019939e-09,5.968837519529489e-08,True,4.9628425836239265e-08,True
