dia,origen,destino,respuesta_estandarizada,inferior95,superior95,respuesta_unidad_original,respuesta_nivel_viajes
0,Temperatura,Temperatura,0.6116562208621583,0.5802379137229531,0.6430745280013636,2.1974639090450676,
0,Humedad,Temperatura,0.0,0.0,0.0,0.0,
0,Precipitación,Temperatura,0.0,0.0,0.0,0.0,
0,Viajes MBTB,Temperatura,0.0,0.0,0.0,0.0,
0,Temperatura,Humedad,-0.012728969384678965,-0.06518681017458697,0.03972887140522903,-0.1357654044923827,
0,Humedad,Humedad,0.7220816226881048,0.6849912091070695,0.7591720362691402,7.701621444605203,
0,Precipitación,Humedad,0.0,0.0,0.0,0.0,
0,Viajes MBTB,Humedad,0.0,0.0,0.0,0.0,
0,Temperatura,Precipitación,-0.150177955183418,-0.21880155940251497,-0.08155435096432104,-1.2451932743370286,
0,Humedad,Precipitación,0.4684055436001019,0.40460268813840766,0.5322083990617961,3.883761979850337,
0,Precipitación,Precipitación,0.8134699459069004,0.7716852836451634,0.8552546081686373,6.744846833754345,
0,Viajes MBTB,Precipitación,0.0,0.0,0.0,0.0,
0,Temperatura,Viajes MBTB,0.14209344168260862,0.0778376633481787,0.20634922001703854,80.97020295656509,80.97020295656509
0,Humedad,Viajes MBTB,-0.33589590481083054,-0.39736008830816644,-0.27443172131349464,-191.40615684123324,-191.40615684123324
0,Precipitación,Viajes MBTB,-0.20271666380171893,-0.26078329429527347,-0.1446500333081644,-115.51560167967926,-115.51560167967926
0,Viajes MBTB,Viajes MBTB,0.7863912735508527,0.7459975332089567,0.8267850138927487,448.11541101884353,448.11541101884353
1,Temperatura,Temperatura,0.5968636852811747,0.5440828580711641,0.6496445124911854,2.144319574116768,
1,Humedad,Temperatura,0.060568174928484764,0.015330161528795093,0.10580618832817443,0.2175999751207761,
1,Precipitación,Temperatura,-0.09384166687875076,-0.13881817375344213,-0.04886516000405938,-0.3371398329604443,
1,Viajes MBTB,Temperatura,0.08729160714491234,0.04397366235521678,0.13060955193460788,0.3136077909795569,
1,Temperatura,Humedad,0.04280452124738153,-0.018093959234637608,0.10370300172940067,0.45654702793521645,
1,Humedad,Humedad,0.4913575580634827,0.4333926011670759,0.5493225149598895,5.240750889162469,
1,Precipitación,Humedad,0.016822644727470335,-0.03547626815134873,0.06912155760628941,0.1794279722917459,
1,Viajes MBTB,Humedad,0.022948899021249268,-0.027936320951956077,0.0738341189944546,0.24476974247615663,
1,Temperatura,Precipitación,0.11532764477912066,0.04802007992240573,0.1826352096358356,0.9562336059823197,
1,Humedad,Precipitación,0.09814648448782706,0.027593405189554318,0.1686995637860998,0.8137768438437216,
1,Precipitación,Precipitación,0.1890013852352957,0.11914016627216205,0.2588626041984293,1.5670958726794382,
1,Viajes MBTB,Precipitación,-0.1005308261383323,-0.16769206735513886,-0.033369584921525725,-0.8335464976741034,
1,Temperatura,Viajes MBTB,-0.18729993561717728,-0.25440983182614163,-0.1201900394082129,-106.73056842799107,-25.760365471425985
1,Humedad,Viajes MBTB,0.17268688853240813,0.10356417725567804,0.24180959980913821,98.4035029824898,-93.00265385874344
1,Precipitación,Viajes MBTB,0.13068059385760297,0.06231423939510815,0.19904694832009778,74.46673176352266,-41.048869916156605
1,Viajes MBTB,Viajes MBTB,-0.30101064939700595,-0.3655972589845661,-0.23642403980944582,-171.52722240484744,276.58818861399607
2,Temperatura,Temperatura,0.3898281405969657,0.32858053142999705,0.45107574976393433,1.4005142766054328,
2,Humedad,Temperatura,-0.014459539674764805,-0.07121741388818835,0.04229833453865874,-0.0519479987171773,
2,Precipitación,Temperatura,-0.057277415339719084,-0.11904280015490151,0.004487969475463337,-0.20577744281747726,
2,Viajes MBTB,Temperatura,0.09097070545888408,0.03791478890971908,0.14402662200804908,0.32682548661810645,
2,Temperatura,Humedad,0.01652933855152785,-0.04377612032020282,0.07683479742325852,0.17629960970295097,
2,Humedad,Humedad,0.3331423824331617,0.27588382759033664,0.39040093727598674,3.553249987311126,
2,Precipitación,Humedad,0.02190540140471523,-0.03936000281033793,0.08317080561976839,0.23363994306237998,
2,Viajes MBTB,Humedad,0.07458456208161719,0.022449751651794247,0.12671937251144014,0.7955084919982602,
2,Temperatura,Precipitación,0.10553239714676228,0.05089228573480237,0.1601725085587222,0.8750167825318889,
2,Humedad,Precipitación,0.11879560814730114,0.0607770969404029,0.17681411935419938,0.9849880570362805,
2,Precipitación,Precipitación,0.042803137410782705,-0.024043641475620464,0.10964991629718587,0.35490015002092157,
2,Viajes MBTB,Precipitación,0.05538763518482842,-0.0037516886013292325,0.11452695897098608,0.45924390653307084,
2,Temperatura,Viajes MBTB,-0.06335789195745453,-0.11131957193698984,-0.015396211977919225,-36.10371675108148,-61.86408222250746
2,Humedad,Viajes MBTB,0.07256683096780427,0.012369455651948358,0.13276420628366017,41.35131756821272,-51.65133629053072
2,Precipitación,Viajes MBTB,0.09893040827354628,0.03275232926570876,0.1651084872813838,56.37427837364653,15.325408457489928
2,Viajes MBTB,Viajes MBTB,-0.08669495788878663,-0.15226336767234555,-0.021126548105227697,-49.402057212786104,227.18613140121
3,Temperatura,Temperatura,0.19519637340330098,0.13120330749308312,0.25918943931351884,0.7012713532540085,
3,Humedad,Temperatura,-0.080768792323186,-0.14222127552514752,-0.019316309121224465,-0.2901736303068772,
3,Precipitación,Temperatura,-0.01040000716771885,-0.07090740407608864,0.050107389740650946,-0.03736353792438978,
3,Viajes MBTB,Temperatura,0.04208328459273652,0.011961798739041515,0.07220477044643152,0.15119031886287507,
3,Temperatura,Humedad,-0.03180106230412264,-0.0939021668814922,0.03030004227324691,-0.33918567611635153,
3,Humedad,Humedad,0.24004414419334832,0.18098881803832803,0.29909947034836865,2.560277218646143,
3,Precipitación,Humedad,0.04085527539304235,-0.012601858726906279,0.09431240951299098,0.4357566446864368,
3,Viajes MBTB,Humedad,0.020116425186440544,-0.0007716752747273792,0.04100452564760847,0.21455897330267137,
3,Temperatura,Precipitación,0.05494971962154341,0.0020345623421145625,0.10786487690097225,0.4556129507548807,
3,Humedad,Precipitación,0.06711743849158561,0.016422482641080795,0.11781239434209043,0.5565010050801351,
3,Precipitación,Precipitación,0.010202578349879369,-0.02673103708604963,0.04713619378580837,0.08459418645466489,
3,Viajes MBTB,Precipitación,0.02097313176979556,-0.002823919824267565,0.044770183363858684,0.1738977108167289,
3,Temperatura,Viajes MBTB,0.02849660198408272,-0.00654310806262675,0.06353631203079219,16.238438726662512,-45.625643495844955
3,Humedad,Viajes MBTB,-0.027000302028702444,-0.06270790924885573,0.00870730519145085,-15.385790570376288,-67.03712686090701
3,Precipitación,Viajes MBTB,-0.03916145480026661,-0.06464789601449393,-0.01367501358603929,-22.31567414866859,-6.990265691178664
3,Viajes MBTB,Viajes MBTB,0.08306006955627135,0.03280272962051077,0.1333174094920319,47.33076072983072,274.5168921310407
4,Temperatura,Temperatura,0.07938850849415975,0.015814798719073236,0.14296221826924627,0.28521475995606416,
4,Humedad,Temperatura,-0.11156880819677942,-0.17273668422421526,-0.05040093216934357,-0.40082716569451027,
4,Precipitación,Temperatura,0.00666502163735099,-0.03836487533169761,0.05169491860639959,0.023945059334864332,
4,Viajes MBTB,Temperatura,0.008956090891774253,-0.007260339806106955,0.02517252158965546,0.032176058755783304,
4,Temperatura,Humedad,-0.047217016511415716,-0.10717679818179107,0.012742765158959633,-0.5036100843570018,
4,Humedad,Humedad,0.16791298716119712,0.11002255684885055,0.2258034174735437,1.7909364012535993,
4,Precipitación,Humedad,0.04149218458856693,0.00040202177553595037,0.08258234740159792,0.44254982895313727,
4,Viajes MBTB,Humedad,0.0049813664946372965,-0.012523627320660511,0.022486360309935106,0.05313055728480659,
4,Temperatura,Precipitación,0.011936268182488738,-0.03127145763676065,0.055143994001738125,0.09896899210916375,
4,Humedad,Precipitación,0.04347175721417731,0.003906810696758946,0.08303670373159566,0.3604439788822126,
4,Precipitación,Precipitación,0.018356345029995853,-0.0035497222847332734,0.04026241234472498,0.15220074973616748,
4,Viajes MBTB,Precipitación,0.0034205929049773557,-0.011535045940082712,0.018376231750037424,0.028361681142353545,
4,Temperatura,Viajes MBTB,-0.00890722330093189,-0.02290804690778714,0.0050936003059233615,-5.075671824931056,-50.701315320776004
4,Humedad,Viajes MBTB,0.03717069602782597,0.02162046584549768,0.052720926210154256,21.181264707013057,-45.85586215389395
4,Precipitación,Viajes MBTB,-0.001690235413350276,-0.018992454846475392,0.01561198401977484,-0.9631598956484155,-7.953425586827079
4,Viajes MBTB,Viajes MBTB,-0.008824427655690876,-0.028656167555545658,0.011007312244163906,-5.0284917431503695,269.48840038789035
5,Temperatura,Temperatura,0.028024880804381872,-0.02674650254604054,0.08279626415480429,0.10068345914329782,
5,Humedad,Temperatura,-0.1114668240769305,-0.16495419191730093,-0.05797945623656007,-0.4004607729153314,
5,Precipitación,Temperatura,0.0034232107998834497,-0.023824260151247997,0.030670681751014898,0.012298382537815155,
5,Viajes MBTB,Temperatura,-0.00305945072076842,-0.017166167625280344,0.011047266183743507,-0.010991521562413098,
5,Temperatura,Humedad,-0.042557814062011465,-0.09423811610947172,0.00912248798544879,-0.453915683652681,
5,Humedad,Humedad,0.11534842361794444,0.06264310278155227,0.1680537444543366,1.230290129293441,
5,Precipitación,Humedad,0.027402413270824457,-0.0014955997850214856,0.0563004263266704,0.2922703016521354,
5,Viajes MBTB,Humedad,0.006705323555605371,-0.010094034043472554,0.023504681154683293,0.07151804182000746,
5,Temperatura,Precipitación,-0.0021164399660098085,-0.03177344304994347,0.027540563117923852,-0.017548359930689015,
5,Humedad,Precipitación,0.016773496449553723,-0.013880122281893476,0.04742711518100092,0.13907663705096507,
5,Precipitación,Precipitación,0.010989236301410833,-0.0007588965148112477,0.022737369117632914,0.09111672292983777,
5,Viajes MBTB,Precipitación,0.0037007177744015833,-0.0061248276199600635,0.013526263168763231,0.03068432299052342,
5,Temperatura,Viajes MBTB,-0.0079647909472268,-0.018806529247074644,0.0028769473526210447,-4.538638320437694,-55.2399536412137
5,Humedad,Viajes MBTB,0.029205227343577587,0.015637530090059113,0.04277292459709606,16.64224018645565,-29.213621967438304
5,Precipitación,Viajes MBTB,0.0116925705595675,0.0022862306995307703,0.02109891041960423,6.662867758575902,-1.2905578282511776
5,Viajes MBTB,Viajes MBTB,-0.01305909116464875,-0.03139670942848173,0.00527852709918423,-7.441562745673956,262.04683764221636
6,Temperatura,Temperatura,0.010571672992854799,-0.02990021644609663,0.05104356243180623,0.03798027236162148,
6,Humedad,Temperatura,-0.09289136987913343,-0.13658371161744046,-0.04919902814082641,-0.33372575281491845,
6,Precipitación,Temperatura,-0.002627231154796398,-0.020224621837122873,0.014970159527530075,-0.009438709926380243,
6,Viajes MBTB,Temperatura,-0.006925722086461066,-0.01787514592803298,0.0040237017551108464,-0.02488166360447142,
6,Temperatura,Humedad,-0.035773347419391775,-0.07647152439959308,0.004924829560809529,-0.38155351275226207,
6,Humedad,Humedad,0.08660594176236515,0.04004682940934715,0.13316505411538315,0.9237268438215975,
6,Precipitación,Humedad,0.019194325017817242,-0.0019695768552372254,0.04035822689087171,0.20472398206399975,
6,Viajes MBTB,Humedad,0.0024152873688828426,-0.008786460789308495,0.01361703552707418,0.02576111676381348,
6,Temperatura,Precipitación,-0.0077755332216771144,-0.026555463899846275,0.011004397456492045,-0.06447045879797357,
6,Humedad,Precipitación,0.008714547022862151,-0.016379688617796692,0.033808782663521,0.07225624645447216,
6,Precipitación,Precipitación,0.006522274268056169,-0.0006263099025909198,0.013670858438703259,0.05407912261187685,
6,Viajes MBTB,Precipitación,0.0007199831616311685,-0.00346064144629842,0.004900607769560757,0.005969705669544437,
6,Temperatura,Viajes MBTB,0.0012668460382465935,-0.005420649609923278,0.007954341686416466,0.7218966591059907,-54.51805698210771
6,Humedad,Viajes MBTB,0.009973047350730836,0.0006549977075651792,0.019291096993896494,5.683018572298717,-23.530603395139586
6,Precipitación,Viajes MBTB,-0.0006643570908435397,-0.005658108662663247,0.004329394480976169,-0.37857573047875936,-1.669133558729937
6,Viajes MBTB,Viajes MBTB,0.008730633444714397,-0.0002542636691350627,0.017715530558563855,4.975044263738335,267.02188190595473
7,Temperatura,Temperatura,0.007587716305294088,-0.020028895130942012,0.035204327741530185,0.02725997409043618,
7,Humedad,Temperatura,-0.07062967798962833,-0.10604540537085697,-0.03521395060839968,-0.2537473878233636,
7,Precipitación,Temperatura,-0.006281617898256978,-0.020204021403131812,0.007640785606617855,-0.022567625654774465,
7,Viajes MBTB,Temperatura,-0.006397737325226538,-0.014375471970174143,0.0015799973197210678,-0.022984801580075986,
7,Temperatura,Humedad,-0.02727688849889917,-0.05792231362523219,0.003368536627433843,-0.29093147201721126,
7,Humedad,Humedad,0.06642935757911456,0.0262405589463095,0.10661815621191961,0.7085262230855053,
7,Precipitación,Humedad,0.013844392965450187,-0.001965218668065186,0.029654004598965562,0.14766235616594242,
7,Viajes MBTB,Humedad,0.0007293289590045905,-0.007194996725145137,0.008653654643154318,0.007778920518612271,
7,Temperatura,Precipitación,-0.007755024093482801,-0.01942955509939464,0.003919506912429038,-0.06430040835043029,
7,Humedad,Precipitación,0.0063130065920576125,-0.013728487653731544,0.026354500837846767,0.05234398976650491,
7,Precipitación,Precipitación,0.004188014382627053,-0.00023958842343711154,0.008615617188691218,0.0347247193218526,
7,Viajes MBTB,Precipitación,-0.00150900313361499,-0.003817662832412784,0.0007996565651828041,-0.012511826723409517,
7,Temperatura,Viajes MBTB,-0.0022038622726292807,-0.006895306126965492,0.0024875815817069304,-1.2558438545088073,-55.77390083661652
7,Humedad,Viajes MBTB,0.010697270382227593,0.004172103095846391,0.017222437668608797,6.095708173956022,-17.434895221183563
7,Precipitación,Viajes MBTB,0.0006872841336385861,-0.002892494008224021,0.004267062275501193,0.391640424290986,-1.2774931344389509
7,Viajes MBTB,Viajes MBTB,0.0014820283259175204,-0.002525820649897292,0.0054898773017323325,0.8445156434803093,267.866397549435
8,Temperatura,Temperatura,0.008577151785368487,-0.010995559472447007,0.02814986304318398,0.030814664917789274,
8,Humedad,Temperatura,-0.05164152206465001,-0.08093620752331988,-0.022346836605980133,-0.18552967676069243,
8,Precipitación,Temperatura,-0.007492617909308217,-0.018846445417308372,0.0038612095986919354,-0.026918319275428385,
8,Viajes MBTB,Temperatura,-0.00413067157681806,-0.009850124786095042,0.0015887816324589204,-0.014840038244655643,
8,Temperatura,Humedad,-0.019403004780636158,-0.04238855981152269,0.003582550250250373,-0.2069497311841591,
8,Humedad,Humedad,0.05076201158487019,0.016290004628978755,0.08523401854076162,0.5414205052580329,
8,Precipitación,Humedad,0.009417811188488,-0.002530002438252474,0.021365624815228475,0.10044905497038464,
8,Viajes MBTB,Humedad,0.0014423958616317754,-0.004881681503673229,0.0077664732269367796,0.015384392221752191,
8,Temperatura,Precipitación,-0.00516650983225211,-0.012333290470189513,0.002000270805685294,-0.04283786716272186,
8,Humedad,Precipitación,0.00484559526007906,-0.011067294646099651,0.02075848516625777,0.040177019460949794,
8,Precipitación,Precipitación,0.0019975005888419627,-0.0009431452297138736,0.004938146407397799,0.016562179819750937,
8,Viajes MBTB,Precipitación,-0.0006468211705495531,-0.0022267235995843612,0.0009330812584852548,-0.005363086548111679,
8,Temperatura,Viajes MBTB,-0.0031715868669572856,-0.006721108792734678,0.000377935058820107,-1.8072898317539947,-57.58119066837051
8,Humedad,Viajes MBTB,0.009026621926995436,0.0036873754161090124,0.01436586843788186,5.143709665880078,-12.291185555303485
8,Precipitación,Viajes MBTB,0.002636060406254903,0.00031864390243022166,0.004953476910079585,1.502126653930918,0.22463351949196708
8,Viajes MBTB,Viajes MBTB,-0.0014745095009999942,-0.004409747249234582,0.0014607282472345936,-0.840231133425814,267.02616641600923
9,Temperatura,Temperatura,0.00909111714223881,-0.006048252693068556,0.02423048697754618,0.03266116019356695,
9,Humedad,Temperatura,-0.03724352764732821,-0.061739319698377246,-0.012747735596279175,-0.13380278832963835,
9,Precipitación,Temperatura,-0.006880730157711315,-0.015766154949128676,0.0020046946337060464,-0.024720023558553884,
9,Viajes MBTB,Temperatura,-0.002353346375776384,-0.00659380487192226,0.001887112120369492,-0.008454739034553252,
9,Temperatura,Humedad,-0.013900212201934277,-0.03147806888260299,0.0036776444787344313,-0.14825771632360293,
9,Humedad,Humedad,0.03920952433220983,0.00976263390142353,0.06865641476299614,0.4182032943942576,
9,Precipitación,Humedad,0.006752400057256461,-0.00244993321559316,0.015954733330106084,0.07202015319254634,
9,Viajes MBTB,Humedad,0.0013400502827644854,-0.0032156949731809185,0.005895795538709889,0.01429278861324252,
9,Temperatura,Precipitación,-0.0030370885636870136,-0.0077524737391078714,0.0016782966117338438,-0.025181873387809594,
9,Humedad,Precipitación,0.004241405380342686,-0.008369629594784198,0.01685244035546957,0.03516740820508086,
9,Precipitación,Precipitación,0.0008353678980042685,-0.0014237109948386346,0.003094446790847172,0.0069264126477254755,
9,Viajes MBTB,Precipitación,-0.0001398324984818886,-0.0010242651858628925,0.0007446001888991153,-0.001159414418918762,
9,Temperatura,Viajes MBTB,-0.00179263869675719,-0.004403681474101228,0.0008184040805868486,-1.021513149272867,-58.60270381764338
9,Humedad,Viajes MBTB,0.0053960602906279595,0.0013752967336345071,0.009416823847621412,3.0748786975963847,-9.216306857707101
9,Precipitación,Viajes MBTB,0.0011303114430219394,-0.00034788267936662035,0.0026085055654104993,0.6440940965455978,0.8687276160375649
9,Viajes MBTB,Viajes MBTB,0.0006959040890758025,-0.0007611956018871095,0.0021530037800387147,0.39655240005118314,267.4227188160604
10,Temperatura,Temperatura,0.008428013401066518,-0.0036665446194459658,0.020522571421579004,0.030278863587272394,
10,Humedad,Temperatura,-0.027046901742135317,-0.047395631825687845,-0.006698171658582792,-0.09716992716276908,
10,Precipitación,Temperatura,-0.005493540494404277,-0.012223121635866127,0.001236040647057574,-0.019736342993969952,
10,Viajes MBTB,Temperatura,-0.001315190714465125,-0.0045856462470946074,0.001955264818164358,-0.004725013872129999,
10,Temperatura,Humedad,-0.010137968500469765,-0.023888672821133543,0.0036127358201940123,-0.10813015198653694,
10,Humedad,Humedad,0.030217317334844854,0.005331137367419362,0.05510349730227035,0.3222936741114148,
10,Precipitación,Humedad,0.0051439060198044334,-0.002009142489563509,0.012296954529172375,0.0548641810930999,
10,Viajes MBTB,Humedad,0.0010388444758848074,-0.002252675276364961,0.004330364228134575,0.011080169667383899,
10,Temperatura,Precipitación,-0.0017641271317938136,-0.0052411870650271135,0.0017129328014394867,-0.014627175053104447,
10,Humedad,Precipitación,0.0037859548091731927,-0.006087032983896163,0.01365894260224255,0.03139106175449454,
10,Precipitación,Precipitación,0.0005133894332876364,-0.0012566822081023297,0.0022834610746776023,0.004256743732225546,
10,Viajes MBTB,Precipitación,-6.38371960962392e-05,-0.0006184736860787722,0.0004907992938862939,-0.0005293030334211661,
10,Temperatura,Viajes MBTB,-0.001503437172994742,-0.0034796759597635236,0.00047280161377403953,-0.8567152121048819,-59.45941902974826
10,Humedad,Viajes MBTB,0.004189022710955001,0.0009449389287545748,0.007433106493155428,2.3870631542117207,-6.829243703495381
10,Precipitación,Viajes MBTB,0.0006698619045969911,-0.0004952517666440222,0.0018349755758380044,0.38171258100174593,1.2504401970393109
10,Viajes MBTB,Viajes MBTB,0.000385308747559541,-0.000598694114690322,0.001369311609809404,0.21956345853402218,267.64228227459444
11,Temperatura,Temperatura,0.007073820077726077,-0.00247137680769053,0.016619016963142684,0.025413727171728545,
11,Humedad,Temperatura,-0.020010844034636942,-0.03675100292499127,-0.0032706851442826194,-0.07189186679678054,
11,Precipitación,Temperatura,-0.004106787775980455,-0.00916937930733503,0.0009558037553741216,-0.01475423221741132,
11,Viajes MBTB,Temperatura,-0.0007390721832085931,-0.003224999539249785,0.0017468551728325988,-0.002655224280218721,
11,Temperatura,Humedad,-0.007481720965692676,-0.018412065185231724,0.003448623253846374,-0.07979898784492398,
11,Humedad,Humedad,0.02305222129190618,0.002235624568403524,0.04386881801540884,0.2458717633424878,
11,Precipitación,Humedad,0.003924410202554993,-0.001637948621043485,0.00948676902615347,0.041857209522807706,
11,Viajes MBTB,Humedad,0.0009114576324577229,-0.0016513015209361002,0.003474216785851546,0.009721479438644525,
11,Temperatura,Precipitación,-0.0010137015633570614,-0.003726898268976894,0.0016994951422627713,-0.008405057635360032,
11,Humedad,Precipitación,0.003099975123661446,-0.004555456686610054,0.010755406933932947,0.025703294267663216,
11,Precipitación,Precipitación,0.0003720984812346399,-0.000993141994843647,0.0017373389573129266,0.0030852366158435752,
11,Viajes MBTB,Precipitación,8.178977366541073e-05,-0.0003947901687883153,0.0005583697161191368,0.0006781559647241918,
11,Temperatura,Viajes MBTB,-0.0012975448675337081,-0.002792971840952519,0.0001978821058851027,-0.739390010019813,-60.19880903976807
11,Humedad,Viajes MBTB,0.0034112680046739685,0.0007688123314951493,0.006053723677852788,1.9438691850019043,-4.885374518493476
11,Precipitación,Viajes MBTB,0.0007115813729456547,-0.0001498991000210922,0.0015730618459124015,0.40548590776074395,1.6559261048000549
11,Viajes MBTB,Viajes MBTB,-9.034661291979737e-05,-0.00051663089073051,0.00033593766489091524,-0.051482907992998365,267.5907993666014
12,Temperatura,Temperatura,0.00554456796825922,-0.0019038274485930493,0.012992963385111488,0.019919666613253874,
12,Humedad,Temperatura,-0.015055977623257395,-0.028759466285235145,-0.0013524889612796468,-0.0540907887699784,
12,Precipitación,Temperatura,-0.0029832121984948307,-0.006832520085761518,0.0008660956887718567,-0.010717623585966464,
12,Viajes MBTB,Temperatura,-0.0004709638540664808,-0.002314731299747872,0.0013728035916149102,-0.0016920061244813018,
12,Temperatura,Humedad,-0.005634917131283077,-0.01439668796865336,0.0031268537060872076,-0.06010123683151574,
12,Humedad,Humedad,0.017524335835909285,0.0002478595100608959,0.03480081216175768,0.18691211136749755,
12,Precipitación,Humedad,0.0030137812858405744,-0.0013330810472197375,0.007360643618900886,0.03214456905020188,
12,Viajes MBTB,Humedad,0.0007273817661961998,-0.001231357687400078,0.0026861212197924777,0.007758152032864006,
12,Temperatura,Precipitación,-0.000645709061569832,-0.002788852667252567,0.001497434544112903,-0.005353865550128405,
12,Humedad,Precipitación,0.00242766678655135,-0.003491585038552614,0.008346918611655313,0.02012888210691861,
12,Precipitación,Precipitación,0.00029986291996692027,-0.0007680198144046676,0.0013677456543385081,0.0024862989425434635,
12,Viajes MBTB,Precipitación,0.00013381285304716475,-0.00023341641461183048,0.00050104212070616,0.0011095028190434204,
12,Temperatura,Viajes MBTB,-0.0008900136508160976,-0.0020502725272677626,0.0002702452256355673,-0.5071633503090321,-60.70597239007711
12,Humedad,Viajes MBTB,0.002497770910390129,0.0003437991165660022,0.004651742704214256,1.4233240827894358,-3.462050435704041
12,Precipitación,Viajes MBTB,0.00047157049805956753,-0.00016254277038333867,0.0011056837665024738,0.26871865783574056,1.9246447626357952
12,Viajes MBTB,Viajes MBTB,9.046893886297848e-05,-0.0002443156014629503,0.00042525347918890725,0.05155261392966187,267.6423519805311
13,Temperatura,Temperatura,0.004172951055766581,-0.0016532827541393368,0.009999184865672498,0.014991933420268583,
13,Humedad,Temperatura,-0.011450024739648304,-0.022655862534050192,-0.00024418694524641453,-0.0411358787254459,
13,Precipitación,Temperatura,-0.002155072740747878,-0.005115124679490142,0.000804979197994386,-0.007742412171472915,
13,Viajes MBTB,Temperatura,-0.0003571825737067106,-0.0017189777293159386,0.0010046125819025175,-0.0012832303308449615,
13,Temperatura,Humedad,-0.004302813567404503,-0.011341154729611627,0.0027355275948026227,-0.04589320680880228,
13,Humedad,Humedad,0.013299343242405653,-0.0009395012498582649,0.02753818773466957,0.14184893216582894,
13,Precipitación,Humedad,0.0023298982970308916,-0.0010793497161681854,0.005739146310229969,0.024850368884007684,
13,Viajes MBTB,Humedad,0.0005352894385003955,-0.0009452722608288247,0.0020158511378296157,0.005709322172302443,
13,Temperatura,Precipitación,-0.0004826204353131698,-0.0021771772111146307,0.0012119363404882913,-0.004001624069095881,
13,Humedad,Precipitación,0.0018635400657889163,-0.0027136730575553197,0.006440753189133152,0.015451452601973892,
13,Precipitación,Precipitación,0.00027022377355194113,-0.0005693460432411104,0.0011097935903449927,0.002240547389141719,
13,Viajes MBTB,Precipitación,9.907762397347224e-05,-0.00016174864638918572,0.0003599038943361302,0.000821497341992594,
13,Temperatura,Viajes MBTB,-0.0006442396565554175,-0.0015608118788245926,0.00027233256571375754,-0.3671120575746074,-61.073084447651716
13,Humedad,Viajes MBTB,0.0018987165441526463,0.0001271919014586083,0.0036702411868466843,1.0819603080656777,-2.380090127638363
13,Precipitación,Viajes MBTB,0.0003142530861209949,-0.00016927374771593263,0.0007977799199579224,0.17907326236618432,2.10371802500198
13,Viajes MBTB,Viajes MBTB,0.0001057478991243955,-0.00016377015164132237,0.00037526594989011335,0.06025914182203009,267.7026111223531
14,Temperatura,Temperatura,0.0030882397740322532,-0.001505199684599653,0.007681679232664159,0.01109495042222863,
14,Humedad,Temperatura,-0.008752121555203992,-0.017911241774482646,0.00040699866407466374,-0.031443269256751914,
14,Precipitación,Temperatura,-0.0015770222319027155,-0.00386784305493975,0.0007137985911343187,-0.005665681669162465,
14,Viajes MBTB,Temperatura,-0.00029104328521267975,-0.0013052939582766068,0.0007232073878512472,-0.0010456153201929147,
14,Temperatura,Humedad,-0.003292891145151294,-0.008934773746429042,0.0023489914561264542,-0.035121515714300375,
14,Humedad,Humedad,0.010072389218415351,-0.0015935564746643004,0.021738334911495003,0.10743069254992661,
14,Precipitación,Humedad,0.0017865569996515585,-0.0008857593520793694,0.004458873351382486,0.019055166712737662,
14,Viajes MBTB,Humedad,0.00040119146678718547,-0.0007408539824279171,0.001543236916002288,0.0042790519893004106,
14,Temperatura,Precipitación,-0.00038636097813763315,-0.0017260581576222919,0.0009533362013470257,-0.0032034934212260262,
14,Humedad,Precipitación,0.0014001059639428021,-0.002145599517703431,0.004945811445589036,0.01160891109172086,
14,Precipitación,Precipitación,0.00023150395016846917,-0.00042290964713309663,0.000885917547470035,0.0019195038404948375,
14,Viajes MBTB,Precipitación,7.066914783825761e-05,-0.0001269675131378701,0.0002683058088143853,0.0005859498318768144,
14,Temperatura,Viajes MBTB,-0.0004969975648927601,-0.0012255114231131995,0.0002315162933276794,-0.2832079596479419,-61.356292407299655
14,Humedad,Viajes MBTB,0.0014786587262635702,2.505614682206587e-05,0.0029322613057050743,0.8425955184933155,-1.5374946091450479
14,Precipitación,Viajes MBTB,0.00025968071910710034,-0.00011708920691574893,0.0006364506451299497,0.14797586912543753,2.251693894127417
14,Viajes MBTB,Viajes MBTB,3.994570736498007e-05,-0.00010984795434096524,0.00018973936907092537,0.022762570842717968,267.7253736931958
