lb_stat,lb_pvalue,serie,rezago,rechaza_5pct
68.66057517095639,1.9465222691713953e-13,Viajes MBTB,7,True
77.43480384246803,1.2701618155814571e-11,Viajes MBTB,14,True
87.51067977522189,1.3925051168250754e-08,Viajes MBTB,28,True
45.51400101819683,3.698982514185404e-08,Temperatura,7,True
53.10409069213816,8.667534765660395e-07,Temperatura,14,True
64.32876251277139,6.948422659553039e-05,Temperatura,28,True
13.693951563187296,0.03324813303700449,Humedad,7,True
20.411133741063782,0.0854222598112227,Humedad,14,False
42.840894377625126,0.027142854073201408,Humedad,28,True
7.5278403936923395,0.18424894028603225,Precipitación,7,False
12.31986066837931,0.4203451770725561,Precipitación,14,False
28.431784232043924,0.33754475154067154,Precipitación,28,False
