serie,id,modelo,estado,familia,MAE_validacion,AIC,BIC,n_ajuste,advertencias,seleccionado
Viajes MBTB,0,"SARIMA(1, 0, 0)×(1, 0, 0, 7)",ok,serie original,430.88515630995266,9949.204007947086,9967.056125774769,641,,
Viajes MBTB,1,"SARIMA(1, 0, 0)×(0, 1, 1, 7)",ok,serie original,817.3186802313487,9683.596502174201,9696.952649037514,641,,
Viajes MBTB,2,"SARIMA(1, 0, 0)×(1, 0, 1, 7)",ok,serie original,746.0953556798171,9784.17461181021,9806.489759094813,641,,
Viajes MBTB,3,"SARIMA(1, 0, 0)×(0, 0, 0, 0)",ok,serie original,433.5692804598239,10022.278505817518,10035.66759418828,641,,
Viajes MBTB,4,"SARIMA(0, 1, 1)×(1, 0, 0, 7)",ok,serie original,558.1501106893933,10004.284147154538,10017.668551683599,641,,
Viajes MBTB,5,"SARIMA(0, 1, 1)×(0, 1, 1, 7)",ok,serie original,424.57212616216333,9700.280072267777,9713.63148353421,641,,True
Viajes MBTB,6,"SARIMA(0, 1, 1)×(1, 0, 1, 7)",ok,serie original,425.1899828956984,9810.314547661255,9828.16042036667,641,,
Viajes MBTB,7,"SARIMA(0, 1, 1)×(0, 0, 0, 0)",ok,serie original,565.876725521379,10051.192126597947,10060.115062950654,641,,
Viajes MBTB,8,"SARIMA(1, 1, 1)×(1, 0, 0, 7)",ok,serie original,729.5053656620283,9889.124573493027,9906.970446198442,641,,
Viajes MBTB,9,"SARIMA(1, 1, 1)×(0, 1, 1, 7)",ok,serie original,1119.9354031128466,9643.814306731476,9661.616188420052,641,,
Viajes MBTB,10,"SARIMA(1, 1, 1)×(1, 0, 1, 7)",ok,serie original,1085.4850051481058,9745.247462057716,9767.554802939485,641,,
Viajes MBTB,11,"SARIMA(1, 1, 1)×(0, 0, 0, 0)",ok,serie original,730.9815793285551,9934.362170292035,9947.746574821096,641,,
Temperatura,0,"SARIMA(0, 0, 0)×(0, 0, 0, 0)",ok,serie original,4.288600797365233,4337.607772477246,4346.533831391087,641,,
Temperatura,1,"SARIMA(1, 0, 0)×(0, 0, 0, 0)",ok,serie original,4.495014785841522,3016.0538813108024,3029.442969681564,641,,
Temperatura,2,"SARIMA(0, 0, 1)×(0, 0, 0, 0)",ok,serie original,4.284480235035555,3694.1959096544238,3707.584998025186,641,,
Temperatura,3,"SARIMA(1, 0, 1)×(0, 0, 0, 0)",ok,serie original,4.457794513155063,2979.9720584420065,2997.8241762696894,641,,
Temperatura,4,"SARIMA(0, 0, 0)×(0, 1, 0, 365)",ok,diferencia anual,3.152333333333334,1733.787082854787,1737.4074837205042,276,,
Temperatura,5,"SARIMA(1, 0, 0)×(0, 1, 0, 365)",ok,diferencia anual,3.140737257331134,1474.7612846442676,1482.0020863757018,276,,True
Temperatura,6,"SARIMA(0, 0, 1)×(0, 1, 0, 365)",ok,diferencia anual,3.144221422230876,1528.8091023773663,1536.0499041088005,276,Non-invertible starting MA parameters found. Using zeros as starting parameters.,
Temperatura,7,"SARIMA(1, 0, 1)×(0, 1, 0, 365)",ok,diferencia anual,3.1418143010081647,1447.8541922824018,1458.7153948795533,276,,
Humedad,0,"SARIMA(0, 0, 0)×(0, 0, 0, 0)",ok,serie original,10.812045415149928,5252.771315941771,5261.697374855612,641,,
Humedad,1,"SARIMA(1, 0, 0)×(0, 0, 0, 0)",ok,serie original,10.387997934862634,4498.397402347029,4511.786490717791,641,,True
Humedad,2,"SARIMA(0, 0, 1)×(0, 0, 0, 0)",ok,serie original,10.64009113993759,4832.330175346997,4845.719263717759,641,,
Humedad,3,"SARIMA(1, 0, 1)×(0, 0, 0, 0)",ok,serie original,10.46615591303126,4496.618183561359,4514.470301389041,641,,
Humedad,4,"SARIMA(0, 0, 0)×(0, 1, 0, 365)",ok,diferencia anual,12.530222222222225,2361.6677445962723,2365.2881454619896,276,,
Humedad,5,"SARIMA(1, 0, 0)×(0, 1, 0, 365)",ok,diferencia anual,13.511252073182785,2090.421914642295,2097.6627163737294,276,,
Humedad,6,"SARIMA(0, 0, 1)×(0, 1, 0, 365)",ok,diferencia anual,12.56488486597835,2196.027125451861,2203.2679271832953,276,,
Humedad,7,"SARIMA(1, 0, 1)×(0, 1, 0, 365)",ok,diferencia anual,13.526090414771218,2092.2751200220864,2103.136322619238,276,,
Precipitación,0,"SARIMA(0, 0, 0)×(0, 0, 0, 0)",ok,serie original,4.571517594037095,4505.333968325459,4514.2600272393,641,,
Precipitación,1,"SARIMA(1, 0, 0)×(0, 0, 0, 0)",ok,serie original,4.560781936521609,4451.91732301591,4465.306411386672,641,,
Precipitación,2,"SARIMA(0, 0, 1)×(0, 0, 0, 0)",ok,serie original,4.566580705146361,4462.272972525976,4475.662060896738,641,,
Precipitación,3,"SARIMA(1, 0, 1)×(0, 0, 0, 0)",ok,serie original,4.548784284021143,4447.743766409218,4465.5958842369,641,,True
