parametro,serie,coeficiente,error_estandar,p_valor,IC95_inferior,IC95_superior
ma.L1,Viajes MBTB,-0.7957145104958818,0.020041411102678437,0.0,-0.8349949544564927,-0.7564340665352709
ma.S.L7,Viajes MBTB,-0.9997783174425456,0.9203129965254211,0.27732595477786715,-2.8035586451365067,0.8040020102514156
sigma2,Viajes MBTB,263125.59633022925,239622.28169234938,0.27216744180876895,-206525.44568008708,732776.6383405456
ar.L1,Temperatura,0.7638025968343712,0.03529082873051608,7.060863031394661e-104,0.6946338435379883,0.8329713501307542
sigma2,Temperatura,11.383508803941531,0.791239191187931,6.25028779665922e-47,9.832708486056584,12.934309121826479
intercept,Humedad,11.707604629037824,1.53994142411848,2.9017259115564406e-14,8.689374899464283,14.725834358611365
ar.L1,Humedad,0.8238950532670145,0.022801774034209313,6.89658174927901e-286,0.7792043973763437,0.8685857091576853
sigma2,Humedad,65.33916118030541,3.1995987442386156,1.0870592158603054e-92,59.06806287661814,71.61025948399268
intercept,Precipitación,1.3171852863921778,0.5994000306161051,0.027984313833061467,0.14238281405240594,2.4919877587319497
ar.L1,Precipitación,0.5083399376415436,0.10722911202881222,2.1299201478119705e-06,0.29817473997086097,0.7185051353122263
ma.L1,Precipitación,-0.280688251239658,0.11690936682831392,0.016354594023848253,-0.509826399678535,-0.05155010280078104
sigma2,Precipitación,66.86101750414166,1.9960523648181723,5.397117703438753e-246,62.948826757842035,70.77320825044129
