serie,modelo,horizonte,n,MAE,RMSE,sesgo
Viajes MBTB,SARIMA punto 5,30,30,361.64547937809743,456.11422985758446,252.8702535514515
Viajes MBTB,SARIMA punto 5,365,365,512.5236535828856,635.5992165060313,334.70195717381023
Viajes MBTB,Media,30,30,341.78394892840856,425.7391083233212,58.82653898768804
Viajes MBTB,Media,365,365,417.4635796338286,558.3251735210409,-1.8255158068325117
Viajes MBTB,Último valor,30,30,950.8666666666667,1016.7537886168247,925.2
Viajes MBTB,Último valor,365,365,931.6054794520549,1029.158304848363,864.5479452054794
Viajes MBTB,Ingenuo estacional,30,30,503.9,729.8644394680425,284.03333333333336
Viajes MBTB,Ingenuo estacional,365,365,608.4986301369863,811.5011457718597,213.0849315068493
Viajes MBTB,"ARIMA(1,1,1)",30,30,353.0077096281284,411.8194836120162,139.64219697878954
Viajes MBTB,"ARIMA(1,1,1)",365,365,428.7800106359416,559.9257642329353,62.138939677016936
Viajes MBTB,Suavizado exponencial,30,30,322.7076082421593,429.1003723736187,223.1812230693989
Viajes MBTB,Suavizado exponencial,365,365,423.7057934623585,552.4844829031957,173.39260899298992
Temperatura,SARIMA punto 5,30,30,3.0127230837936736,3.8956426431296682,1.9291185017168373
Temperatura,SARIMA punto 5,365,365,3.9593780910112444,4.925612276209997,-0.06547542688653632
Temperatura,Media,30,30,9.309905608755132,9.509358799480832,9.309905608755132
Temperatura,Media,365,365,5.980936266701647,7.061292382514617,-0.5092313775462411
Temperatura,Último valor,30,30,1.4796666666666662,1.9375250536014583,0.020999999999999137
Temperatura,Último valor,365,365,10.102191780821919,12.066732031408016,-9.79813698630137
Temperatura,Ingenuo estacional,30,30,3.1229999999999993,3.933330649716598,2.154333333333333
Temperatura,Ingenuo estacional,365,365,3.968438356164383,4.928069615679784,-0.046958904109589104
Temperatura,"ARIMA(1,1,1)",30,30,1.467883471451484,1.9498225164280263,-0.2180310920140678
Temperatura,"ARIMA(1,1,1)",365,365,10.294462931727349,12.260205272460045,-10.035578549358503
Temperatura,Suavizado exponencial,30,30,1.4796776127944264,1.937241413909171,0.032177999459138344
Temperatura,Suavizado exponencial,365,365,10.029587797298301,11.993475324460542,-9.717161824365293
Humedad,SARIMA punto 5,30,30,18.184866994652065,21.071890512905767,-17.175425520630917
Humedad,SARIMA punto 5,365,365,11.47432019537519,13.610680466934589,3.4512784930513436
Humedad,Media,30,30,21.418936160510714,24.298512705733675,-20.47354172366621
Humedad,Media,365,365,11.682700785188242,13.98367001585319,3.010828139347495
Humedad,Último valor,30,30,11.532333333333332,13.088884215241572,-0.25900000000000295
Humedad,Último valor,365,365,24.236986301369864,26.942452492328343,23.225369863013693
Humedad,Ingenuo estacional,30,30,19.48,22.541520209012816,-12.272
Humedad,Ingenuo estacional,365,365,11.010794520547945,13.726260542957455,0.37928767123287654
Humedad,"ARIMA(1,1,1)",30,30,13.155547093804312,15.189263325627273,-7.895122113623331
Humedad,"ARIMA(1,1,1)",365,365,17.58242003477889,20.36129447434853,15.168814322078296
Humedad,Suavizado exponencial,30,30,11.769684488568922,13.261620734543921,-2.1491336642669014
Humedad,Suavizado exponencial,365,365,22.573171584732584,25.331210880727763,21.335236198746795
Precipitación,SARIMA punto 5,30,30,2.836207371551191,3.9368504854283524,-1.254621731133607
Precipitación,SARIMA punto 5,365,365,4.76972360244412,10.350373885952255,0.8674446134993613
Precipitación,Media,30,30,2.890134974920201,3.969317561342702,-1.3086082991336072
Precipitación,Media,365,365,4.774280868766749,10.351372573985657,0.8628072259805476
Precipitación,Último valor,30,30,1.4546666666666668,3.9142602536537257,1.1306666666666665
Precipitación,Último valor,365,365,3.5806575342465754,10.83098447314621,3.302082191780822
Precipitación,Ingenuo estacional,30,30,1.4546666666666668,3.9142602536537257,1.1306666666666665
Precipitación,Ingenuo estacional,365,365,3.5806575342465754,10.83098447314621,3.302082191780822
Precipitación,"ARIMA(1,1,1)",30,30,3.030890017069798,4.033211284995181,-1.510000697288198
Precipitación,"ARIMA(1,1,1)",365,365,4.91755166119716,10.334364704290689,0.6375539371406145
Precipitación,Suavizado exponencial,30,30,3.172589182282474,4.112266895941008,-1.6940214271158505
Precipitación,Suavizado exponencial,365,365,5.028717235632091,10.326112985269909,0.4672311689228975
