serie,transformacion,especificacion,prueba,n,estadistico,p_valor,p_reportado,rezagos_o_banda,critico_5,rechaza_H0,advertencia
Viajes MBTB,Nivel,c,ADF,1075,-2.3673528972149604,0.1511635737796942,0.1512,20,-2.864232347211692,False,
Viajes MBTB,Nivel,c,PP,1095,-23.01053601108896,0.0,0,22,-2.8641831050780513,True,
Viajes MBTB,Nivel,c,KPSS,1096,1.5932754230114985,0.01,≤ 0.01,16,0.463,True,"The test statistic is outside of the range of p-values available in the look-up table. The actual p-value is smaller than the p-value returned. | kpss currently returns a plain tuple whose length and layout depends on the store argument (and which silently drops `lags` when store=True). In release 0.16 or after July 2027, whichever is later, the default behavior will switch to always returning a KPSSResult. Set result_object=True to switch now, or result_object=False to keep the current behavior and silence this warning."
Viajes MBTB,Nivel,ct,ADF,1075,-2.4356587457606516,0.360839996180996,0.3608,20,-3.4145819486930207,False,
Viajes MBTB,Nivel,ct,PP,1095,-23.564721592554513,0.0,0,22,-3.414507068399277,True,
Viajes MBTB,Nivel,ct,KPSS,1096,0.9356680648674702,0.01,≤ 0.01,15,0.146,True,"The test statistic is outside of the range of p-values available in the look-up table. The actual p-value is smaller than the p-value returned. | kpss currently returns a plain tuple whose length and layout depends on the store argument (and which silently drops `lags` when store=True). In release 0.16 or after July 2027, whichever is later, the default behavior will switch to always returning a KPSSResult. Set result_object=True to switch now, or result_object=False to keep the current behavior and silence this warning."
Viajes MBTB,Δ,c,ADF,1075,-13.072200641050314,1.9466324409291946e-24,1.947e-24,19,-2.864232347211692,True,
Viajes MBTB,Δ,c,PP,1094,-84.85712267293076,0.0,0,22,-2.864185524365606,True,
Viajes MBTB,Δ,c,KPSS,1095,0.11410853679453167,0.1,≥ 0.10,95,0.463,False,"The test statistic is outside of the range of p-values available in the look-up table. The actual p-value is greater than the p-value returned. | kpss currently returns a plain tuple whose length and layout depends on the store argument (and which silently drops `lags` when store=True). In release 0.16 or after July 2027, whichever is later, the default behavior will switch to always returning a KPSSResult. Set result_object=True to switch now, or result_object=False to keep the current behavior and silence this warning."
Viajes MBTB,Δ7,c,ADF,1067,-9.67217835809834,1.2682769046144966e-16,1.268e-16,21,-2.8642525616723336,True,
Viajes MBTB,Δ7,c,PP,1088,-22.713032445854815,0.0,0,22,-2.864200133611212,True,
Viajes MBTB,Δ7,c,KPSS,1089,0.015004683912227182,0.1,≥ 0.10,8,0.463,False,"The test statistic is outside of the range of p-values available in the look-up table. The actual p-value is greater than the p-value returned. | kpss currently returns a plain tuple whose length and layout depends on the store argument (and which silently drops `lags` when store=True). In release 0.16 or after July 2027, whichever is later, the default behavior will switch to always returning a KPSSResult. Set result_object=True to switch now, or result_object=False to keep the current behavior and silence this warning."
Viajes MBTB,ΔΔ7,c,ADF,1065,-14.122741142586545,2.4088920430226168e-26,2.409e-26,22,-2.864257662806096,True,
Viajes MBTB,ΔΔ7,c,PP,1087,-105.71324152594171,0.0,0,22,-2.8642025841870655,True,
Viajes MBTB,ΔΔ7,c,KPSS,1088,0.1729348348859973,0.1,≥ 0.10,317,0.463,False,"The test statistic is outside of the range of p-values available in the look-up table. The actual p-value is greater than the p-value returned. | kpss currently returns a plain tuple whose length and layout depends on the store argument (and which silently drops `lags` when store=True). In release 0.16 or after July 2027, whichever is later, the default behavior will switch to always returning a KPSSResult. Set result_object=True to switch now, or result_object=False to keep the current behavior and silence this warning."
Temperatura,Nivel,c,ADF,1087,-2.9429042415170583,0.04058147837922556,0.04058,8,-2.8642025841870655,True,
Temperatura,Nivel,c,PP,1095,-5.440727296282078,2.7801320857070337e-06,2.78e-06,22,-2.8641831050780513,True,
Temperatura,Nivel,c,KPSS,1096,0.24257597456937882,0.1,≥ 0.10,19,0.463,False,"The test statistic is outside of the range of p-values available in the look-up table. The actual p-value is greater than the p-value returned. | kpss currently returns a plain tuple whose length and layout depends on the store argument (and which silently drops `lags` when store=True). In release 0.16 or after July 2027, whichever is later, the default behavior will switch to always returning a KPSSResult. Set result_object=True to switch now, or result_object=False to keep the current behavior and silence this warning."
Temperatura,Nivel,ct,ADF,1087,-2.827755845698435,0.1869368894805784,0.1869,8,-3.414536689226283,False,
Temperatura,Nivel,ct,PP,1095,-5.4484526990805575,2.9113811222430905e-05,2.911e-05,22,-3.414507068399277,True,
Temperatura,Nivel,ct,KPSS,1096,0.15885786727781886,0.03928511060181761,≥ 0.04,19,0.146,True,"kpss currently returns a plain tuple whose length and layout depends on the store argument (and which silently drops `lags` when store=True). In release 0.16 or after July 2027, whichever is later, the default behavior will switch to always returning a KPSSResult. Set result_object=True to switch now, or result_object=False to keep the current behavior and silence this warning."
Temperatura,Δ,c,ADF,1085,-14.783548605767427,2.2264089044889356e-27,2.226e-27,9,-2.864207498909067,True,
Temperatura,Δ,c,PP,1094,-36.789761103920846,0.0,0,22,-2.864185524365606,True,
Temperatura,Δ,c,KPSS,1095,0.11461919997743222,0.1,≥ 0.10,99,0.463,False,"The test statistic is outside of the range of p-values available in the look-up table. The actual p-value is greater than the p-value returned. | kpss currently returns a plain tuple whose length and layout depends on the store argument (and which silently drops `lags` when store=True). In release 0.16 or after July 2027, whichever is later, the default behavior will switch to always returning a KPSSResult. Set result_object=True to switch now, or result_object=False to keep the current behavior and silence this warning."
Temperatura,Δ365,c,ADF,723,-6.175131887346098,6.658944017535165e-08,6.659e-08,7,-2.8655458544300387,True,
Temperatura,Δ365,c,PP,730,-9.595992871046882,1.9777355299741618e-16,1.978e-16,20,-2.865507363200066,True,
Temperatura,Δ365,c,KPSS,731,0.2508449783115222,0.1,≥ 0.10,13,0.463,False,"The test statistic is outside of the range of p-values available in the look-up table. The actual p-value is greater than the p-value returned. | kpss currently returns a plain tuple whose length and layout depends on the store argument (and which silently drops `lags` when store=True). In release 0.16 or after July 2027, whichever is later, the default behavior will switch to always returning a KPSSResult. Set result_object=True to switch now, or result_object=False to keep the current behavior and silence this warning."
Humedad,Nivel,c,ADF,1089,-5.473322227309916,2.3718168052926183e-06,2.372e-06,6,-2.8641976875421524,True,
Humedad,Nivel,c,PP,1095,-11.686736573658548,1.6900807392094193e-21,1.69e-21,22,-2.8641831050780513,True,
Humedad,Nivel,c,KPSS,1096,0.3786377352535359,0.08636304514933797,≥ 0.09,18,0.463,False,"kpss currently returns a plain tuple whose length and layout depends on the store argument (and which silently drops `lags` when store=True). In release 0.16 or after July 2027, whichever is later, the default behavior will switch to always returning a KPSSResult. Set result_object=True to switch now, or result_object=False to keep the current behavior and silence this warning."
Humedad,Nivel,ct,ADF,1089,-5.419469619036915,3.317746127461126e-05,3.318e-05,6,-3.4145292431416157,True,
Humedad,Nivel,ct,PP,1095,-11.889472618610156,5.820970640788329e-19,5.821e-19,22,-3.414507068399277,True,
Humedad,Nivel,ct,KPSS,1096,0.18382012221430025,0.022067454169637405,≥ 0.02,18,0.146,True,"kpss currently returns a plain tuple whose length and layout depends on the store argument (and which silently drops `lags` when store=True). In release 0.16 or after July 2027, whichever is later, the default behavior will switch to always returning a KPSSResult. Set result_object=True to switch now, or result_object=False to keep the current behavior and silence this warning."
Humedad,Δ,c,ADF,1077,-11.68660931367626,1.691204537901384e-21,1.691e-21,17,-2.8642273405849363,True,
Humedad,Δ,c,PP,1094,-57.31492906536973,0.0,0,22,-2.864185524365606,True,
Humedad,Δ,c,KPSS,1095,0.07725503260706491,0.1,≥ 0.10,63,0.463,False,"The test statistic is outside of the range of p-values available in the look-up table. The actual p-value is greater than the p-value returned. | kpss currently returns a plain tuple whose length and layout depends on the store argument (and which silently drops `lags` when store=True). In release 0.16 or after July 2027, whichever is later, the default behavior will switch to always returning a KPSSResult. Set result_object=True to switch now, or result_object=False to keep the current behavior and silence this warning."
Humedad,Δ365,c,ADF,726,-7.232337766718025,1.9797023275206896e-10,1.98e-10,4,-2.8655292671104644,True,
Humedad,Δ365,c,PP,730,-12.606689241463233,1.6898162687225758e-23,1.69e-23,20,-2.865507363200066,True,
Humedad,Δ365,c,KPSS,731,0.7901505896636118,0.01,≤ 0.01,14,0.463,True,"The test statistic is outside of the range of p-values available in the look-up table. The actual p-value is smaller than the p-value returned. | kpss currently returns a plain tuple whose length and layout depends on the store argument (and which silently drops `lags` when store=True). In release 0.16 or after July 2027, whichever is later, the default behavior will switch to always returning a KPSSResult. Set result_object=True to switch now, or result_object=False to keep the current behavior and silence this warning."
Precipitación,Nivel,c,ADF,1095,-26.81943627058689,0.0,0,0,-2.8641831050780513,True,
Precipitación,Nivel,c,PP,1095,-27.155421420314042,0.0,0,22,-2.8641831050780513,True,
Precipitación,Nivel,c,KPSS,1096,0.16707006348063497,0.1,≥ 0.10,6,0.463,False,"The test statistic is outside of the range of p-values available in the look-up table. The actual p-value is greater than the p-value returned. | kpss currently returns a plain tuple whose length and layout depends on the store argument (and which silently drops `lags` when store=True). In release 0.16 or after July 2027, whichever is later, the default behavior will switch to always returning a KPSSResult. Set result_object=True to switch now, or result_object=False to keep the current behavior and silence this warning."
Precipitación,Nivel,ct,ADF,1095,-26.83595597762131,0.0,0,0,-3.414507068399277,True,
Precipitación,Nivel,ct,PP,1095,-27.124284988777937,0.0,0,22,-3.414507068399277,True,
Precipitación,Nivel,ct,KPSS,1096,0.07740692723247987,0.1,≥ 0.10,6,0.146,False,"The test statistic is outside of the range of p-values available in the look-up table. The actual p-value is greater than the p-value returned. | kpss currently returns a plain tuple whose length and layout depends on the store argument (and which silently drops `lags` when store=True). In release 0.16 or after July 2027, whichever is later, the default behavior will switch to always returning a KPSSResult. Set result_object=True to switch now, or result_object=False to keep the current behavior and silence this warning."
Precipitación,Δ,c,ADF,1076,-13.2999991705363,7.079089259148437e-25,7.079e-25,18,-2.864229841568573,True,
Precipitación,Δ,c,PP,1094,-123.28519989695761,0.0,0,22,-2.864185524365606,True,
Precipitación,Δ,c,KPSS,1095,0.07759530129786604,0.1,≥ 0.10,162,0.463,False,"The test statistic is outside of the range of p-values available in the look-up table. The actual p-value is greater than the p-value returned. | kpss currently returns a plain tuple whose length and layout depends on the store argument (and which silently drops `lags` when store=True). In release 0.16 or after July 2027, whichever is later, the default behavior will switch to always returning a KPSSResult. Set result_object=True to switch now, or result_object=False to keep the current behavior and silence this warning."
